provider,day_of_week,day_name,avg_daily_trips
Lyft,1,Sunday,181641.1507936508
Lyft,2,Monday,151614.59523809524
Lyft,3,Tuesday,158862.64285714287
Lyft,4,Wednesday,169171.6349206349
Lyft,5,Thursday,179356.6031746032
Lyft,6,Friday,199367.1746031746
Lyft,7,Saturday,212669.4523809524
Uber,1,Sunday,480633.6269841269
Uber,2,Monday,422872.6587301587
Uber,3,Tuesday,447468.48412698414
Uber,4,Wednesday,473836.8650793651
Uber,5,Thursday,496082.63492063497
Uber,6,Friday,534036.5238095238
Uber,7,Saturday,567428.5873015872
