year_month,provider,total_trips
2024-01,Lyft,5231192.0
2024-01,Uber,14433282.0
2024-02,Lyft,4950076.0
2024-02,Uber,14409952.0
2024-03,Lyft,5658648.0
2024-03,Uber,15621520.0
2024-04,Lyft,5028751.0
2024-04,Uber,14704200.0
2024-05,Lyft,5166973.0
2024-05,Uber,15539650.0
2024-06,Lyft,4964862.0
2024-06,Uber,15156961.0
2024-07,Lyft,4853808.0
2024-07,Uber,14328517.0
2024-08,Lyft,5021659.0
2024-08,Uber,14108569.0
2024-09,Lyft,4587731.0
2024-09,Uber,14619726.0
2024-10,Lyft,4883752.0
2024-10,Uber,15147036.0
2024-11,Lyft,4860418.0
2024-11,Uber,15126677.0
2024-12,Lyft,5136731.0
2024-12,Uber,15930055.0
2025-01,Lyft,5049760.0
2025-01,Uber,15358064.0
2025-02,Lyft,4920096.0
2025-02,Uber,14419935.0
2025-03,Lyft,5989153.0
2025-03,Uber,14545598.0
2025-04,Lyft,5393353.0
2025-04,Uber,14360565.0
2025-05,Lyft,6053038.0
2025-05,Uber,15041057.0
2025-06,Lyft,5699884.0
2025-06,Uber,14164977.0
2025-07,Lyft,5511453.0
2025-07,Uber,14142286.0
2025-08,Lyft,5713587.0
2025-08,Uber,13559025.0
2025-09,Lyft,5386766.0
2025-09,Uber,14046094.0
2025-10,Lyft,5840080.0
2025-10,Uber,15472878.0
2025-11,Lyft,5908692.0
2025-11,Uber,14905648.0
2025-12,Lyft,6134283.0
2025-12,Uber,15973618.0
2026-01,Lyft,5695916.0
2026-01,Uber,15248473.0
2026-02,Lyft,5708582.0
2026-02,Uber,14167084.0
2026-03,Lyft,6101178.0
2026-03,Uber,15953490.0
2026-04,Lyft,5617381.0
2026-04,Uber,15379301.0
2026-05,Lyft,6770287.0
2026-05,Uber,15353044.0
