provider,pickup_location_id,total_trips,zone_rank
Lyft,138,3332228.0,1
Lyft,132,2408021.0,2
Lyft,61,2180755.0,3
Lyft,79,2045146.0,4
Lyft,181,1950490.0,5
Lyft,37,1806764.0,6
Lyft,76,1764933.0,7
Lyft,112,1755986.0,8
Lyft,255,1745420.0,9
Lyft,68,1734253.0,10
Lyft,148,1682429.0,11
Lyft,231,1664502.0,12
Lyft,7,1650745.0,13
Lyft,48,1647800.0,14
Lyft,246,1634303.0,15
Lyft,230,1615708.0,16
Lyft,42,1599543.0,17
Lyft,164,1516086.0,18
Lyft,234,1515275.0,19
Lyft,256,1460180.0,20
Uber,138,8311277.0,1
Uber,132,7606576.0,2
Uber,61,5499816.0,3
Uber,230,5384396.0,4
Uber,161,5380975.0,5
Uber,79,5239671.0,6
Uber,231,4809938.0,7
Uber,76,4789150.0,8
Uber,37,4665687.0,9
Uber,234,4561257.0,10
Uber,68,4525452.0,11
Uber,246,4505559.0,12
Uber,164,4391373.0,13
Uber,148,4221529.0,14
Uber,255,4180736.0,15
Uber,7,4025549.0,16
Uber,112,3984884.0,17
Uber,48,3912824.0,18
Uber,249,3817533.0,19
Uber,170,3786949.0,20
