provider,hour,avg_hourly_trips
Lyft,0,6798.07596371882
Lyft,1,4891.45918367347
Lyft,2,3568.924036281178
Lyft,3,2996.4172335600906
Lyft,4,3223.5918367346935
Lyft,5,3708.7052154195017
Lyft,6,5551.218820861677
Lyft,7,8006.775510204083
Lyft,8,9135.922902494336
Lyft,9,8344.25396825397
Lyft,10,7708.418367346939
Lyft,11,7523.198412698412
Lyft,12,7597.112244897958
Lyft,13,7807.700680272107
Lyft,14,8381.34580498866
Lyft,15,8386.743764172332
Lyft,16,8729.156462585028
Lyft,17,9704.748299319732
Lyft,18,10111.334467120178
Lyft,19,9876.444444444443
Lyft,20,9342.803854875287
Lyft,21,9523.388888888883
Lyft,22,9544.09297052154
Lyft,23,8492.91723356009
Uber,0,16476.91723356009
Uber,1,11521.468253968256
Uber,2,8229.048919226392
Uber,3,6807.040816326532
Uber,4,6922.354875283448
Uber,5,8744.659863945577
Uber,6,13927.149659863944
Uber,7,20897.71201814059
Uber,8,24561.2074829932
Uber,9,22885.988662131513
Uber,10,21242.755102040817
Uber,11,21031.019274376416
Uber,12,21553.096371882093
Uber,13,22541.27664399093
Uber,14,24419.23469387755
Uber,15,24854.665532879815
Uber,16,25985.916099773243
Uber,17,28257.064625850337
Uber,18,29074.304988662127
Uber,19,27991.17006802721
Uber,20,26831.18934240363
Uber,21,26335.403628117907
Uber,22,25569.477324263036
Uber,23,22276.351473922907
