Lag,Seluruh kota,Central Harlem North · Uber (zona pagi),Crown Heights North · Uber (zona sore),LaGuardia Airport · Uber (zona malam),PACF seluruh kota
1 jam,0.913016849327369,0.8375082498570433,0.9043082917502736,0.8575756495257184,0.913016849327369
2 jam,0.7100769142104367,0.5633529983404282,0.7317549290562105,0.7055684587034575,-0.7423237986740128
24 jam (1 hari),0.8150564049956643,0.7837195387833534,0.763644054455679,0.7925184551413201,-0.27400650683177574
48 jam (2 hari),0.6226805149125987,0.6031669928655657,0.5360915287072463,0.741720113147699,-0.004666634532261175
72 jam (3 hari),0.5616689306906496,0.5396478813347476,0.45859739287832824,0.791467419000415,-0.055921689377914585
167 jam,0.8559711653312323,0.7678026225899822,0.8327129596914976,0.7914305134703524,0.1687446326247439
168 jam (7 hari),0.9301604745071368,0.8766069058323026,0.8938222289841629,0.872534812241467,-0.08400303722571874
169 jam,0.8496782612148903,0.7602480074141998,0.8268309069087266,0.7843558256877498,-0.268906704319538
336 jam (14 hari),0.9055473723269927,0.8485665411177071,0.8713276478811142,0.8510592597403898,
504 jam (21 hari),0.8915447834731917,0.831453583444061,0.8557150559367828,0.8372531686613948,
672 jam (28 hari),0.878858057942621,0.8214101359784328,0.8431718649276664,0.826526127407745,
