jam,demand,perkiraan,batas_bawah,batas_atas
2026-06-01 00:00:00,0.0,16906.158962693153,15621.103571217172,18718.51262473588
2026-06-01 01:00:00,0.0,10041.714732646326,9278.43315666407,11118.194523772152
2026-06-01 02:00:00,0.0,6737.2366139981295,6225.131986709774,7459.473727488676
2026-06-01 03:00:00,0.0,6174.349946785765,5705.030942659204,6836.245162693985
2026-06-01 04:00:00,0.0,8611.010167627517,7956.477989952934,9534.11729359416
2026-06-01 05:00:00,0.0,13411.891432323277,12392.439087587249,14849.656841126602
2026-06-01 06:00:00,0.0,21902.416444915612,20237.590129192424,24250.37287541662
2026-06-01 07:00:00,0.0,32503.767054765918,30033.120635956162,35988.19668670548
2026-06-01 08:00:00,0.0,37669.37460952557,34806.08478465645,41707.56147214084
2026-06-01 09:00:00,0.0,31401.285726466966,29014.440103453493,34767.52848478931
2026-06-01 10:00:00,0.0,26501.984008317533,24487.539597268802,29343.017733060213
2026-06-01 11:00:00,0.0,25178.480500266465,23264.63701947111,27877.633598260287
2026-06-01 12:00:00,0.0,25323.297695459078,23398.44650333962,28037.975311743143
2026-06-01 13:00:00,0.0,26642.273824836113,24617.165833403204,29498.346729281046
2026-06-01 14:00:00,0.0,29391.97862120777,27157.862600136537,32542.822062723695
2026-06-01 15:00:00,0.0,29651.322610219424,27397.493572604235,32829.967933242035
2026-06-01 16:00:00,0.0,30095.07467870973,27807.515567377002,33321.29057575463
2026-06-01 17:00:00,0.0,32898.58417183274,30397.92727778415,36425.33851215416
2026-06-01 18:00:00,0.0,32297.38382742678,29842.42482049974,35759.68901355475
2026-06-01 19:00:00,0.0,29577.925010045357,27329.6750032457,32748.702052061373
2026-06-01 20:00:00,0.0,29323.350385455404,27094.450870661894,32466.83682561698
2026-06-01 21:00:00,0.0,29402.071474460285,27167.188284718974,32553.996877857262
2026-06-01 22:00:00,0.0,27349.756947475933,25270.872400224944,30281.672604315372
2026-06-01 23:00:00,0.0,22455.01774790052,20748.18761065262,24862.213476773457
2026-06-02 00:00:00,0.0,15558.773538763866,14376.134367745608,17226.68641371652
2026-06-02 01:00:00,0.0,9405.21964932848,8690.318751670053,10413.466662230177
2026-06-02 02:00:00,0.0,6057.289074388466,5596.86799352981,6706.635271844931
2026-06-02 03:00:00,0.0,5555.264643778891,5133.002981782383,6150.79342373337
2026-06-02 04:00:00,0.0,8134.784209208408,7516.45048067758,9006.83953437244
2026-06-02 05:00:00,0.0,13253.175983571098,12245.787771414185,14673.926970269229
2026-06-02 06:00:00,0.0,22734.3029508369,21006.244043849827,25171.438275179928
2026-06-02 07:00:00,0.0,34661.78377367246,32027.104174668097,38377.554511057104
2026-06-02 08:00:00,0.0,40708.580367272785,37614.277232200184,45072.57249984377
2026-06-02 09:00:00,0.0,34978.85134486907,32320.07109753131,38728.61197759548
2026-06-02 10:00:00,0.0,30031.17169069755,27748.46991446132,33250.53713669707
2026-06-02 11:00:00,0.0,28694.23223871554,26513.152673333807,31770.276714110456
2026-06-02 12:00:00,0.0,28747.58049973639,26562.445875449674,31829.343951064162
2026-06-02 13:00:00,0.0,30252.35384779651,27952.83977705237,33495.43019662626
2026-06-02 14:00:00,0.0,33237.40755084583,30710.99632602822,36800.48402637816
2026-06-02 15:00:00,0.0,33438.3788168094,30896.691549134972,37022.99957159748
2026-06-02 16:00:00,0.0,34626.39155422635,31994.40215602489,38338.368217589654
2026-06-02 17:00:00,0.0,37988.85869809077,35101.284542794645,42061.29450862811
2026-06-02 18:00:00,0.0,38170.87635652665,35269.46684254065,42262.82460454613
2026-06-02 19:00:00,0.0,34995.759477902255,32335.694025121786,38747.33267591263
2026-06-02 20:00:00,0.0,34686.89309531665,32050.30490967079,38405.35557191501
2026-06-02 21:00:00,0.0,35255.41124824591,32575.609384130217,39034.8193221661
2026-06-02 22:00:00,0.0,32570.630148617223,30094.90139387096,36062.22755729805
2026-06-02 23:00:00,0.0,26465.4527892706,24453.785155613885,29302.57033833052
2026-06-03 00:00:00,0.0,17862.968257239532,16505.184758493036,19777.89263523697
2026-06-03 01:00:00,0.0,10885.254030151233,10057.854121638651,12052.161903627613
2026-06-03 02:00:00,0.0,7226.894016105932,6677.570001140973,8001.622791825297
2026-06-03 03:00:00,0.0,6371.445643589474,5887.145182801277,7054.469674662825
2026-06-03 04:00:00,0.0,8560.690712241649,7909.983370686401,9478.40355264397
2026-06-03 05:00:00,0.0,13356.169368191433,12340.952517697167,14787.961327483916
2026-06-03 06:00:00,0.0,22642.723717300756,20921.625846706545,25070.041675106975
2026-06-03 07:00:00,0.0,34553.02684409781,31926.61397670402,38257.13875229351
2026-06-03 08:00:00,0.0,41211.2421931374,38078.7311901013,45629.12007248771
2026-06-03 09:00:00,0.0,36414.095197486764,33646.22051569117,40317.71511060655
2026-06-03 10:00:00,0.0,31011.393375695065,28654.183891118497,34335.83936449199
2026-06-03 11:00:00,0.0,30088.036918325426,27801.012754756157,33313.498361870086
2026-06-03 12:00:00,0.0,30556.607770985534,28233.96703112427,33832.30038191831
2026-06-03 13:00:00,0.0,31813.62760687856,29395.439432447965,35224.07374212565
2026-06-03 14:00:00,0.0,34456.80970551481,31837.71040668271,38150.607060070804
2026-06-03 15:00:00,0.0,34950.463312556014,32293.840870196767,38697.18072568214
2026-06-03 16:00:00,0.0,35770.43650341469,33051.48701372885,39605.05569355054
2026-06-03 17:00:00,0.0,39328.05842422722,36338.69025219835,43544.05750855288
2026-06-03 18:00:00,0.0,40138.64577319781,37087.66398181545,44441.540464831676
2026-06-03 19:00:00,0.0,37675.78843834429,34812.01109142348,41714.66286850065
2026-06-03 20:00:00,0.0,36381.31727761275,33615.93408088768,40281.42337170073
2026-06-03 21:00:00,0.0,36888.0223742297,34084.1239761669,40842.44765693149
2026-06-03 22:00:00,0.0,34775.96913248094,32132.610181100423,38503.98063097784
2026-06-03 23:00:00,0.0,28339.071971969657,26184.98852182776,31377.042984819393
2026-06-04 00:00:00,0.0,19302.06282260964,17834.892192572497,21371.259280464466
2026-06-04 01:00:00,0.0,11640.190612878327,10755.407159824568,12888.028287342306
2026-06-04 02:00:00,0.0,7782.168356401813,7190.637339460823,8616.42298221488
2026-06-04 03:00:00,0.0,6892.31440738399,6368.422149627445,7631.175983436647
2026-06-04 04:00:00,0.0,9285.427199433074,8579.631855196681,10280.83236660671
2026-06-04 05:00:00,0.0,14294.738779648893,13208.18025508606,15827.146124948917
2026-06-04 06:00:00,0.0,23556.190965583814,21765.659463439515,26081.4333375775
2026-06-04 07:00:00,0.0,35557.618034643456,32854.84510648786,39369.42291597746
2026-06-04 08:00:00,0.0,42236.31127090847,39025.88366079847,46764.07736916438
2026-06-04 09:00:00,0.0,37074.57870133091,34256.49995547388,41049.002970398855
2026-06-04 10:00:00,0.0,32176.519030827592,29730.74708755304,35625.86741480955
2026-06-04 11:00:00,0.0,31041.890223901926,28682.362640974472,34369.60549903707
2026-06-04 12:00:00,0.0,31192.813245915815,28821.813841176867,34536.70758882366
2026-06-04 13:00:00,0.0,32624.947974400144,30145.090463084776,36122.368297126035
2026-06-04 14:00:00,0.0,35300.57220147071,32617.3376045531,39084.82156542839
2026-06-04 15:00:00,0.0,35175.808743166235,32502.0575513856,38946.68336534808
2026-06-04 16:00:00,0.0,36998.90145432513,34186.57501769999,40965.21306243639
2026-06-04 17:00:00,0.0,40695.81197576036,37602.47937990899,45058.435326624814
2026-06-04 18:00:00,0.0,40852.485516469955,37747.243995673845,45231.904395276426
2026-06-04 19:00:00,0.0,38506.40275864932,35579.48952066653,42634.319703339694
2026-06-04 20:00:00,0.0,37365.964392673086,34525.73710589174,41371.62543917441
2026-06-04 21:00:00,0.0,38528.596322347985,35599.996127632454,42658.89243468559
2026-06-04 22:00:00,0.0,37490.57842207562,34640.87908840943,41509.59819145586
2026-06-04 23:00:00,0.0,32584.31808195006,30107.54889261624,36077.38284795057
2026-06-05 00:00:00,0.0,23905.66612458005,22088.570638372545,26468.372511054935
2026-06-05 01:00:00,0.0,15773.333919858702,14574.385782674239,17464.247837997133
2026-06-05 02:00:00,0.0,10809.104096310062,9987.49242646595,11967.848636425748
2026-06-05 03:00:00,0.0,8999.065696432155,8315.036999141088,9963.77268315114
2026-06-05 04:00:00,0.0,10702.667863862926,9889.146526935734,11850.002355364064
2026-06-05 05:00:00,0.0,14793.893133681424,13669.393347875059,16379.810221995913
2026-06-05 06:00:00,0.0,23341.281973488425,21567.08593580878,25843.485930920324
2026-06-05 07:00:00,0.0,34117.86706545367,31524.531162551586,37775.329499919724
2026-06-05 08:00:00,0.0,39455.535379819514,36456.47754679584,43685.20009498442
2026-06-05 09:00:00,0.0,34918.57192713403,32264.37358340467,38661.8705584254
2026-06-05 10:00:00,0.0,31508.75660607328,29113.742005495507,34886.52032800701
2026-06-05 11:00:00,0.0,31145.41784092816,28778.02101208152,34484.231358795674
2026-06-05 12:00:00,0.0,32086.043776942864,29647.148955376226,35525.693141883065
2026-06-05 13:00:00,0.0,33396.12077761181,30857.64558911065,36976.211437050646
2026-06-05 14:00:00,0.0,36314.62115145916,33554.30759927567,40207.57736787562
2026-06-05 15:00:00,0.0,36466.43358310433,33694.580604123235,40375.664212712036
2026-06-05 16:00:00,0.0,38202.14183545087,35298.35579866349,42297.44176763166
2026-06-05 17:00:00,0.0,42059.17607224689,38862.21269978913,46567.95313658449
2026-06-05 18:00:00,0.0,45053.57677052216,41629.00576879454,49883.35596687082
2026-06-05 19:00:00,0.0,44652.278788126074,41258.2108792065,49439.03852218464
2026-06-05 20:00:00,0.0,41485.40864065397,38332.057950003415,45932.677380829766
2026-06-05 21:00:00,0.0,42761.07128759986,39510.756102188556,47345.09207623475
2026-06-05 22:00:00,0.0,45561.55975910666,42098.376422093475,50445.79513510252
2026-06-05 23:00:00,0.0,43620.14594836412,40304.53157069208,48296.26022262399
2026-06-06 00:00:00,0.0,37141.963058276015,34318.76235471207,41123.6109839027
2026-06-06 01:00:00,0.0,29942.07228460886,27666.14305040446,33151.8862035426
2026-06-06 02:00:00,0.0,22885.1539894804,21145.62873221552,25338.460664921677
2026-06-06 03:00:00,0.0,18009.466332038875,16640.547356495008,19940.095419954792
2026-06-06 04:00:00,0.0,14588.908924003876,13479.990209237649,16152.85154231073
2026-06-06 05:00:00,0.0,13293.718695736321,12283.248788265413,14718.815893364086
2026-06-06 06:00:00,0.0,16354.269495417124,15111.16381806526,18107.46016844101
2026-06-06 07:00:00,0.0,20017.60069324568,18496.04125730087,22163.503378874608
2026-06-06 08:00:00,0.0,25322.90023736139,23398.079256460962,28037.535245821855
2026-06-06 09:00:00,0.0,30275.25396533564,27973.999231938677,33520.78522494523
2026-06-06 10:00:00,0.0,33506.5172432296,30959.650700213493,37098.44249142278
2026-06-06 11:00:00,0.0,35184.61812864701,32510.197325967016,38956.43712394588
2026-06-06 12:00:00,0.0,36204.1246236402,33452.21003180758,40085.23552455492
2026-06-06 13:00:00,0.0,37361.441282430686,34521.55780214117,41366.61744792327
2026-06-06 14:00:00,0.0,39498.951436127296,36496.59350179983,43733.27038699497
2026-06-06 15:00:00,0.0,40645.30707766776,37555.81341363603,45002.516263362515
2026-06-06 16:00:00,0.0,42040.71709381575,38845.1568082334,46547.51534101155
2026-06-06 17:00:00,0.0,44503.92332004489,41121.13207039092,49274.779230150634
2026-06-06 18:00:00,0.0,47708.122327454104,44081.77645259406,52822.47091486204
2026-06-06 19:00:00,0.0,46792.942946043986,43236.16084382112,51809.18357723403
2026-06-06 20:00:00,0.0,44055.50577313594,40706.7992252501,48778.29096622915
2026-06-06 21:00:00,0.0,45441.460239397966,41987.40579651477,50312.820851538
2026-06-06 22:00:00,0.0,47833.69489700343,44197.80411558732,52961.50496355497
2026-06-06 23:00:00,0.0,45828.75418199453,42345.2611084846,50741.63301224081
2026-06-07 00:00:00,0.0,39964.89146297121,36927.116924261776,44249.159554610975
2026-06-07 01:00:00,0.0,32766.701971573726,30276.069585922138,36279.318435330446
2026-06-07 02:00:00,0.0,25137.83589054515,23227.081850407016,27832.63185411043
2026-06-07 03:00:00,0.0,19977.297227031995,18458.80130105816,22118.879349087223
2026-06-07 04:00:00,0.0,15551.282990491121,14369.213184132468,17218.392872722437
2026-06-07 05:00:00,0.0,13046.205100131445,12054.548968231768,14444.768643817488
2026-06-07 06:00:00,0.0,15086.250887359976,13939.528673121851,16703.508958961986
2026-06-07 07:00:00,0.0,17633.572112735448,16293.225262545804,19523.905041932016
2026-06-07 08:00:00,0.0,21116.40470636502,19511.32399132007,23380.100054504608
2026-06-07 09:00:00,0.0,27265.99375949183,25193.476142574556,30188.92993608254
2026-06-07 10:00:00,0.0,32180.967594563175,29734.857511157246,35630.79286810916
2026-06-07 11:00:00,0.0,33222.25200046394,30696.992765389943,36783.70378896383
2026-06-07 12:00:00,0.0,33821.214207580495,31250.427208616195,37446.87522017962
2026-06-07 13:00:00,0.0,34184.634815960984,31586.223824272885,37849.25480628614
2026-06-07 14:00:00,0.0,35039.366703539,32375.986618467694,38795.614630755976
2026-06-07 15:00:00,0.0,34999.725873473006,32339.358930683826,38751.724272237356
2026-06-07 16:00:00,0.0,35427.38527807505,32734.511482321108,39225.22910451744
2026-06-07 17:00:00,0.0,36014.66349762775,33277.15005049007,39875.464015426995
2026-06-07 18:00:00,0.0,35709.28640921076,32994.98500419155,39537.35026070291
2026-06-07 19:00:00,0.0,33867.35394304907,31293.05981298799,37497.96117191925
2026-06-07 20:00:00,0.0,32684.471393980664,30200.089443292647,36188.272674539265
2026-06-07 21:00:00,0.0,32575.91508003763,30099.784611949482,36068.07903756226
2026-06-07 22:00:00,0.0,30981.721658592058,28626.767553260517,34302.986815760145
2026-06-07 23:00:00,0.0,25901.923069484557,23933.089938109882,28678.629785215755
