tanggal,batas_bawah,perkiraan,batas_atas,model
2026-06-01,552266.9646305433,581447.7071953614,630398.0310698141,7 hari
2026-06-02,617577.7808968949,650209.4235484881,704948.5883522213,7 hari
2026-06-03,647068.8628826913,681258.7585649744,738611.8729747257,7 hari
2026-06-04,672617.3804345835,708157.2114947563,767774.8253020297,7 hari
2026-06-05,722931.4106986246,761129.7400188112,825206.9507865899,7 hari
2026-06-06,773563.7422286662,814437.3882461373,883002.4086886668,7 hari
2026-06-07,659320.0902539433,694157.317634335,752596.3227203166,7 hari
2026-06-08,576879.9322623032,609488.9760682485,667194.7766941102,14 hari
2026-06-09,614873.6885789797,649630.3891065313,711136.7381731053,14 hari
2026-06-10,643328.025477547,679693.1520683103,744045.8131665243,14 hari
2026-06-11,666497.6009697817,704172.4241887993,770842.7580455325,14 hari
2026-06-12,715893.8455753456,756360.8690670874,827972.3521707646,14 hari
2026-06-13,766629.8913747021,809964.8495049805,886651.5033325909,14 hari
2026-06-14,652913.6443873824,689820.6131353381,755132.1320179045,14 hari
2026-06-15,573843.385933889,604630.462076059,657758.2813303001,28 hari
2026-06-16,621395.6274269685,654733.9126890202,712264.2343561224,28 hari
2026-06-17,658036.3908872805,693340.4772759305,754263.0901259115,28 hari
2026-06-18,677312.3229940741,713650.5758539771,776357.8014781564,28 hari
2026-06-19,643917.4199323151,678464.014216857,738079.4583247422,28 hari
2026-06-20,760691.5112835778,801503.1125891785,871929.786678902,28 hari
2026-06-21,651042.5550366746,685971.4175190526,746246.5240004448,28 hari
2026-06-22,598178.5137965417,630271.1855991334,685652.01030104,28 hari
2026-06-23,617834.2818005214,650981.4985207764,708182.1021299876,28 hari
2026-06-24,647765.6839513787,682518.7401387222,742490.4659085711,28 hari
2026-06-25,668760.0144745632,704639.430341594,766554.8623991512,28 hari
2026-06-26,712435.3225407026,750657.9474921715,816616.9460169713,28 hari
2026-06-27,757464.6594250107,798103.1380000819,868231.0622801807,28 hari
2026-06-28,651022.8602526283,685950.6660968523,746223.9491871368,28 hari
