month,total_rows,missing_request_datetime,missing_PULocationID,invalid_PULocationID,missing_originating_base,missing_on_scene,pickup_before_request,zero_trip_miles,zero_trip_time,negative_fare,negative_driver_pay,missing_request_pct,missing_PU_pct,invalid_PU_pct,missing_originating_base_pct,missing_on_scene_pct,pickup_before_request_pct,zero_miles_pct,zero_time_pct,negative_fare_pct,negative_driver_pay_pct
2024-01,19663930,0.0,0.0,0.0,5218737.0,5218737.0,188251.0,3286.0,2.0,191.0,137.0,0.0,0.0,0.0,26.53964390638087,26.53964390638087,0.9573416911065082,0.016710799926566,1.0170906832967776e-05,0.0009713216025484,0.0006967071180582
2024-02,19359148,0.0,0.0,0.0,4936887.0,4936887.0,199220.0,3082.0,3.0,8512.0,106.0,0.0,0.0,0.0,25.50157166007512,25.50157166007512,1.0290742133899693,0.0159201221045471,1.5496549744854476e-05,0.0439688771427337,0.0005475447576515
2024-03,21280788,0.0,0.0,0.0,5642183.0,5641975.0,178331.0,2954.0,2.0,1080.0,88.0,0.0,0.0,0.0,26.513036077423447,26.5120586700079,0.8379905856869586,0.0138810649304903,9.39814822646605e-06,0.0050750000422916,0.0004135185219645
2024-04,19733038,0.0,0.0,0.0,5012277.0,5012103.0,173149.0,2508.0,1.0,673.0,60.0,0.0,0.0,0.0,25.40043251322984,25.39955074327633,0.8774573889737607,0.0127096496748245,5.0676434110145635e-06,0.0034105240156128,0.0003040586046608
2024-05,20704538,0.0,0.0,0.0,5147476.0,5147470.0,186329.0,2510.0,1.0,266.0,75.0,0.0,0.0,0.0,24.861583484741363,24.861554505587133,0.8999428048092645,0.0121229461869663,4.829859038632014e-06,0.0012847425042761,0.0003622394278974
2024-06,20123226,0.0,0.0,0.0,5007786.0,4946920.0,183600.0,2655.0,3.0,199.0,33.0,0.0,0.0,0.0,24.885602338312953,24.58313592462759,0.912378561966158,0.0131937095970596,1.490814643735552e-05,0.0009889070470112,0.0001639896108109
2024-07,19182934,0.0,0.0,0.0,4836446.0,4836446.0,183934.0,2479.0,4.0,437.0,37.0,0.0,0.0,0.0,25.21223291494408,25.21223291494408,0.958841853910356,0.0129229449467948,2.0851867602734804e-05,0.0022780665355987,0.0001928797753252
2024-08,19128392,0.0,0.0,0.0,5003107.0,5003107.0,179348.0,2594.0,3.0,334.0,27.0,0.0,0.0,0.0,26.15539769364827,26.15539769364827,0.9376010278333904,0.01356099352209,1.5683492893704813e-05,0.0017460955421658,0.0001411514360433
2024-09,19209788,0.0,0.0,0.0,4571894.0,4571854.0,184125.0,2991.0,2.0,477.0,69.0,0.0,0.0,0.0,23.799814969327095,23.79960674214624,0.9584957418582652,0.0155701874481904,1.041135904258808e-05,0.0024831091316572,0.0003591918869692
2024-10,20028282,0.0,0.0,0.0,4869406.0,4868965.0,205648.0,2913.0,1.0,1797.0,142.0,0.0,0.0,0.0,24.312649482366982,24.31044759605442,1.026788019062244,0.0145444327176939,4.992939484275286e-06,0.0089723122532426,0.000708997406767
2024-11,19987533,0.0,0.0,0.0,4846471.0,4846462.0,203153.0,2869.0,2.0,2257.0,99.0,0.0,0.0,0.0,24.247469660212698,24.247424632144448,1.0163985720498874,0.0143539475331948,1.0006237388075857e-05,0.0112920388924436,0.0004953087507097
2024-12,21068851,0.0,0.0,0.0,5121647.0,5121638.0,251265.0,3218.0,6.0,2010.0,995.0,0.0,0.0,0.0,24.30909497627564,24.309052259185847,1.1925899518678071,0.0152737327726129,2.8478059861926028e-05,0.0095401500537452,0.0047226115937693
2025-01,20405666,0.0,0.0,0.0,5035135.0,5035135.0,199788.0,2606.0,4.0,2427.0,313.0,0.0,0.0,0.0,24.6751809031864,24.6751809031864,0.979081006226408,0.0127709627316256,1.96023986671153e-05,0.0118937553912722,0.0015338876957017
2025-02,19339461,0.0,0.0,0.0,4906388.0,4906388.0,193755.0,2469.0,4.0,518.0,238.0,0.0,0.0,0.0,25.369828042260327,25.369828042260327,1.0018634955751868,0.0127666432895932,2.068309969962451e-05,0.0026784614111013,0.0012306444321276
2025-03,20536879,0.0,0.0,0.0,5973083.0,928830.0,217950.0,2185.0,3.0,382.0,47.0,0.0,0.0,0.0,29.08466763620704,4.522741746688968,1.061261548066773,0.0106393965704331,1.4607867144759436e-05,0.0018600684164327,0.0002288565852678
2025-04,19753983,0.0,0.0,0.0,5377665.0,0.0,205429.0,2327.0,3.0,345.0,41.0,0.0,0.0,0.0,27.223193418765216,0.0,1.0399371104045194,0.0117799028175735,1.5186810680154986e-05,0.0017464832282178,0.0002075530792954
2025-05,21091193,0.0,0.0,0.0,6034550.0,0.0,235349.0,2785.0,3.0,327.0,50.0,0.0,0.0,0.0,28.611705369155743,0.0,1.115863858436078,0.0132045636299473,1.4223946459548303e-05,0.0015504101640907,0.0002370657743258
2025-06,19868009,0.0,0.0,0.0,5682468.0,0.0,231332.0,2500.0,1.0,487.0,33.0,0.0,0.0,0.0,28.601094352232277,0.0,1.1643441474180931,0.0125830424175869,5.033216967034794e-06,0.0024511766629459,0.0001660961599121
2025-07,19653012,0.0,0.0,0.0,5492276.0,0.0,225355.0,2155.0,0.0,470.0,28.0,0.0,0.0,0.0,27.94623032846059,0.0,1.1466690194866822,0.0109652403407681,0.0,0.0023914909327893,0.0001424718002512
2025-08,19271461,0.0,0.0,0.0,5692756.0,0.0,224310.0,2220.0,1.0,772.0,25.0,0.0,0.0,0.0,29.539825755815812,0.0,1.163949116260568,0.0115196247964801,5.189020178594659e-06,0.004005923577875,0.0001297255044648
2025-09,19434641,0.0,0.0,0.0,5368286.0,0.0,248139.0,2177.0,3.0,1042.0,26.0,0.0,0.0,0.0,27.6222545093578,0.0,1.276787155471511,0.0112016476146896,1.5436354085470372e-05,0.00536156031902,0.0001337817354074
2025-10,21308701,0.0,0.0,0.0,5818199.0,0.0,263537.0,2263.0,2.0,1765.0,63.0,0.0,0.0,0.0,27.30433450635963,0.0,1.236757698181602,0.0106200748698853,9.38583726901044e-06,0.0082830013899017,0.0002956538739738
2025-11,20818240,0.0,0.0,0.0,5889854.0,0.0,256324.0,2084.0,5.0,1940.0,1.0,0.0,0.0,0.0,28.291796040395344,0.0,1.231247213981585,0.0100104523725348,2.4017400126043315e-05,0.0093187512489048,4.803480025208663e-06
2025-12,22108438,0.0,0.0,0.0,6114386.0,0.0,289156.0,2357.0,2.0,3020.0,10.0,0.0,0.0,0.0,27.656345509348057,0.0,1.3078988212554865,0.0106610878615667,9.046319780709971e-06,0.013659942868872,4.523159890354986e-05
2026-01,20940373,0.0,0.0,0.0,5676843.0,0.0,267757.0,2782.0,737.0,29965.0,56.0,0.0,0.0,0.0,27.10956008281228,0.0,1.278663947390049,0.0132853411923464,0.0035195170592233,0.1430967824689655,0.0002674259909314
2026-02,19875686,0.0,0.0,0.0,5691209.0,0.0,280622.0,2020.0,124.0,4145.0,3.0,0.0,0.0,0.0,28.63402551237728,0.0,1.4118858589333725,0.0101631712233731,0.0006238778374743,0.0208546260994463,1.509381864857394e-05
2026-03,22058358,0.0,0.0,0.0,6079600.0,0.0,294808.0,2557.0,502.0,5669.0,9.0,0.0,0.0,0.0,27.561434989857357,0.0,1.3364911386423233,0.0115919779704364,0.0022757813614231,0.0257000090396574,4.080086106137184e-05
2026-04,20995953,0.0,0.0,0.0,5594175.0,0.0,268958.0,1857.0,29.0,5436.0,7.0,0.0,0.0,0.0,26.644063263048835,0.0,1.2809992478074228,0.0088445616162314,0.00013812185615,0.0258907037942026,3.333975838105563e-05
2026-05,22125744,0.0,0.0,0.0,6744246.0,0.0,275536.0,2285.0,49.0,7728.0,6.0,0.0,0.0,0.0,30.481442793516912,0.0,1.2453185755019132,0.0103273363372549,0.0002214614794422,0.0349276390434599,2.711773217659935e-05
